crypto,index,replies_count_Twitter,retweets_count_Twitter,likes_count_Twitter,sentimiento_Twitter,comentarios_Reddit,score_Reddit,upvote_ratio_Reddit,sentimiento_titulo_Reddit,sentimiento_texto_Reddit,Volume,leadnet,H-L,net
bitcoin,2021-03-01,117142.0,173573.0,1089224.0,7987.280371667293,0.0,0.0,0.0,0.0,0.0,84706.44452600004,-0.0010921667497980625,0.09988777639062407,0.058134461570185536
bitcoin,2021-03-02,99490.0,175474.0,873794.0,7641.111772006785,0.0,0.0,0.0,0.0,0.0,59670.046833,-0.0008174242095636552,0.05637673335090421,-0.0010921667497980625
bitcoin,2021-03-03,100922.0,146551.0,900824.0,7672.461773500079,0.0,0.0,0.0,0.0,0.0,89686.16591400001,-0.04863413738376976,0.07787128611503569,-0.0008174242095636552
bitcoin,2021-03-04,57106.0,76361.0,497822.0,5961.767874042736,0.0,0.0,0.0,0.0,0.0,83381.85066499999,0.03796304468725609,0.09624686825053996,-0.04863413738376976
bitcoin,2021-03-05,62186.0,82435.0,496165.0,4959.124081220245,0.0,0.0,0.0,0.0,0.0,64790.37505299999,0.020330163405788415,0.06529368272562519,0.03796304468725609
bitcoin,2021-03-06,62295.0,102800.0,635895.0,6073.959183859639,0.0,0.0,0.0,0.0,0.0,49036.500596,0.019849025551731625,0.060144253239855505,0.020330163405788415
bitcoin,2021-03-07,69067.0,124948.0,686908.0,6624.159883792745,0.0,0.0,0.0,0.0,0.0,58512.355287000006,0.06468872675804227,0.055715906237916446,0.019849025551731625
bitcoin,2021-03-08,78309.0,160228.0,916059.0,8676.031074625607,0.0,0.0,0.0,0.0,0.0,74606.03907899998,-0.0005821656487616789,0.09792719058291,0.06468872675804227
bitcoin,2021-03-09,92622.0,159559.0,956479.0,8036.306475740159,0.0,0.0,0.0,0.0,0.0,70457.647682,0.040780366252898936,0.05040557224267328,-0.0005821656487616789
bitcoin,2021-03-10,97623.0,142729.0,895174.0,7858.526967719197,0.0,0.0,0.0,0.0,0.0,77927.89908,0.015416205489707124,0.08268446372983695,0.040780366252898936
bitcoin,2021-03-11,105087.0,162772.0,848658.0,7890.549366077874,203.0,366.0,10.500000074505806,0.10080000013113022,5.3233000338077545,80937.73237399998,0.0035302208244401,0.07143870541460706,0.015416205489707124
bitcoin,2021-03-12,89048.0,179412.0,1100175.0,7559.307470693777,1225.0,2088.0,44.26999994367361,5.827399980276823,13.756000071763992,72091.411193,0.07608945534614531,0.051037391808720356,0.0035302208244401
bitcoin,2021-03-13,141706.0,246714.0,1850135.0,10261.338465532594,1342.0,2478.0,48.939999997615814,7.297700017690659,6.226100002182648,82122.801257,-0.02371265712195547,0.09474062839429065,0.07608945534614531
bitcoin,2021-03-14,101442.0,165093.0,814372.0,7434.89317059586,929.0,1847.0,40.750000059604645,3.0052999891340733,6.098200000822544,55822.211218000004,-0.08959658016877314,0.04394718243461804,-0.02371265712195547
bitcoin,2021-03-15,103910.0,171323.0,943862.0,7591.240766627016,1071.0,1310.0,38.34000006318092,4.358500000089407,9.556800037622452,112636.418986,0.021148810719356925,0.12473686601463374,-0.08959658016877314
bitcoin,2021-03-16,32535.0,49142.0,261887.0,3753.309582912363,947.0,2377.0,48.970000237226486,5.504299931228161,12.128500133752823,65147.76216299999,0.05814277618826447,0.06680914558722928,0.021148810719356925
bitcoin,2021-03-17,161285.0,215808.0,1003338.0,7128.06377163314,5197.0,22834.0,169.32000057399273,14.2299999371171,34.61860015243292,72632.39731300001,-0.015882480292095158,0.10047079199515041,0.05814277618826447
bitcoin,2021-03-18,93825.0,153316.0,872112.0,8249.074262685841,6642.0,13549.0,247.61000093072653,27.59309983626008,66.83730002306402,65652.27597599999,0.005939745052891077,0.06858324592852338,-0.015882480292095158
bitcoin,2021-03-19,106785.0,204222.0,844854.0,8658.19795719278,6841.0,16491.0,170.0700005032122,21.69959970936179,43.128799978643656,48650.64866,-0.022332997708462643,0.03423274201938353,0.005939745052891077
bitcoin,2021-03-20,77610.0,136528.0,725803.0,7162.212569048628,6691.0,29501.0,154.430000372231,17.051199965178967,34.16619982942939,47320.27132700002,0.01240506253489082,0.055753034188026795,-0.022332997708462643
bitcoin,2021-03-21,76436.0,151699.0,708038.0,6533.6887738627265,7155.0,22176.0,177.01000033318996,21.682399939745665,50.77480001561344,47238.59328700001,-0.05514390149924153,0.04802316893510228,0.01240506253489082
bitcoin,2021-03-22,97210.0,180423.0,927674.0,7516.25767793745,10261.0,23206.0,228.86000008136034,23.222399931401014,61.367999982554466,65941.254599,-0.005815170988841767,0.08910959925442685,-0.05514390149924153
bitcoin,2021-03-23,89653.0,199069.0,1037523.0,7711.247767305642,6297.0,14776.0,172.44000041484833,15.832599852234125,47.02179999835789,57363.11363600001,-0.034571848415997364,0.05341320754716983,-0.005815170988841767
bitcoin,2021-03-24,174771.0,333403.0,2395434.0,12125.538388125773,11210.0,42426.0,277.8700008839369,27.847600106149912,67.69099951162934,90602.246798,0.008462235246541772,0.11067961165048534,-0.034571848415997364
bitcoin,2021-03-25,113179.0,213183.0,1108573.0,9165.47846299265,7948.0,19629.0,238.53000119701028,17.652399957180023,53.974300001747906,81955.80515,0.042730238268252396,0.05670391349492232,0.008462235246541772
bitcoin,2021-03-26,89504.0,166033.0,829077.0,8771.980059845373,7583.0,19192.0,216.91000063717365,23.289899790775962,59.596499901264906,62648.25222899999,0.02416556131326164,0.060192523557819566,0.042730238268252396
bitcoin,2021-03-27,75115.0,127435.0,673088.0,7410.134670807747,5714.0,11885.0,181.13000070303679,11.416899983771145,62.51849958393723,47399.369516,-0.017015063666100394,0.050979796107506914,0.02416556131326164
bitcoin,2021-03-28,77777.0,134156.0,656675.0,6718.880973904976,6800.0,16215.0,164.44000086188316,20.97269981727004,55.70339985564351,39605.32671400001,0.04071227683046619,0.03415335816092502,-0.017015063666100394
bitcoin,2021-03-29,97892.0,163934.0,883312.0,7591.066772916645,7239.0,20313.0,204.75000106543303,24.526500090956688,34.335500029847026,68928.66118000001,0.019974113645992775,0.06579944054754727,0.04071227683046619
bitcoin,2021-03-30,100492.0,172783.0,942625.0,8414.226864917262,7031.0,18779.0,237.56000067293644,26.768499862402678,57.84549988992512,54518.539232999996,0.0026079391847588784,0.034835583367468725,0.019974113645992775
bitcoin,2021-03-31,137008.0,259772.0,1136280.0,9375.229552217068,7722.0,22394.0,210.9300007969141,15.342199943959713,55.01029974594712,59759.300425999994,0.011756924028694549,0.053391815955891486,0.0026079391847588784
bitcoin,2021-04-01,113833.0,189335.0,927330.0,8283.79255821486,7178.0,24348.0,211.47000121325254,21.852699894458055,60.051200091606006,55630.782929,-0.002807153271240259,0.03908746717251699,0.011756924028694549
bitcoin,2021-04-02,76212.0,123432.0,686897.0,6960.044870689744,5465.0,10203.0,192.79000087827444,18.903699977323413,49.361900359392166,37862.901832999996,-0.031103670145527618,0.022473252383209186,-0.002807153271240259
bitcoin,2021-04-03,28423.0,44148.0,229113.0,3346.4195872269484,5084.0,8977.0,146.95000052452087,25.905999824404716,41.88029993325472,52931.03456200001,-0.0045619689606085645,0.06036248847272474,-0.031103670145527618
bitcoin,2021-04-04,32407.0,54600.0,327751.0,3366.311285563628,4971.0,12536.0,129.8700000345707,18.11329998448491,50.944300251081586,38735.836605,0.026358388122263765,0.026190350877193014,-0.0045619689606085645
bitcoin,2021-04-05,100761.0,195012.0,936216.0,8260.136560945008,6809.0,22713.0,193.40000058710575,20.697199940681458,66.2929997202009,55158.72166499999,-0.019547944014900565,0.047861513405686784,0.026358388122263765
bitcoin,2021-04-06,110552.0,194645.0,903577.0,8070.446765959496,5545.0,12218.0,208.60000050067902,28.524500189349055,52.79419950209558,55138.74515799999,-0.012587255126626284,0.03271062208262654,-0.019547944014900565
bitcoin,2021-04-07,108179.0,190574.0,910846.0,8193.971869118279,5979.0,12111.0,180.7100006043911,14.297100085765123,48.546600015833974,69001.62941200001,0.022360502044887154,0.05736123880085797,-0.012587255126626284
bitcoin,2021-04-08,100179.0,165331.0,817138.0,7679.657669587468,7140.0,17747.0,187.8800007328391,14.08420013077557,53.186899714171886,41911.33812800001,0.04951336738223655,0.03742876489231284,0.022360502044887154
bitcoin,2021-04-09,37719.0,69177.0,289258.0,3961.6518838090124,6352.0,15429.0,189.89000037312508,9.54189993813634,53.63759981095791,55394.64030800002,-0.019115962268123843,0.06207427064904425,0.04951336738223655
bitcoin,2021-04-10,14951.0,28362.0,175409.0,1329.355096067302,6278.0,15231.0,149.30000039190054,24.532799683511257,45.65990020427853,58419.920701999996,0.003671381784311034,0.05354022921951862,-0.019115962268123843
bitcoin,2021-04-11,95158.0,186790.0,818452.0,7334.409171972075,5149.0,11983.0,133.22000032663345,10.573400035500526,35.74509993195534,40840.889064999996,0.0076315716819894686,0.023204820595173148,0.003671381784311034
bitcoin,2021-04-12,101131.0,204310.0,982787.0,7635.20097748423,5924.0,25543.0,182.18000093102455,23.085299979895353,53.085699835792184,61525.72453299998,0.0607996315944106,0.03284567179534359,0.0076315716819894686
bitcoin,2021-04-13,155719.0,287510.0,1622027.0,10287.850765561918,9889.0,33586.0,277.52000081539154,25.240100275725126,70.56599963270128,80981.027229,-0.02052141181039624,0.06335374957092821,0.0607996315944106
bitcoin,2021-04-14,150796.0,319900.0,1507606.0,10185.08436456247,7229.0,23875.0,249.64000098407269,23.43510016426444,62.66659998893738,80441.39789900002,-0.020524676060777014,0.05795990277483232,-0.02052141181039624
bitcoin,2021-04-15,134236.0,208622.0,1100988.0,9839.077167272044,7702.0,25785.0,285.50000086426735,34.748500015586615,78.98659957409836,59834.053749000006,0.009130681233026294,0.0373983739837398,-0.020524676060777014
bitcoin,2021-04-16,147862.0,209032.0,1105416.0,9517.531766849337,6482.0,13689.0,267.06000129133463,32.944999784231186,86.23890002816916,85816.76497200002,-0.1187989012718047,0.04176749999999996,0.009130681233026294
bitcoin,2021-04-17,113965.0,174686.0,908900.0,7280.405575641664,7656.0,21953.0,211.7300008237362,17.792099960148335,68.35689990152605,87349.93214700001,0.03871328510116134,0.22632408754537958,-0.1187989012718047
bitcoin,2021-04-18,162932.0,266627.0,1713835.0,8431.864271724196,10575.0,24513.0,269.58000077307224,16.92849998176098,60.61429955740459,96596.898632,-0.029730899043508008,0.07964509713244183,0.03871328510116134
bitcoin,2021-04-19,141521.0,225735.0,1077793.0,8160.378267641179,8246.0,26806.0,291.0400011986494,32.23579968884587,90.34449956193566,76556.98053599999,0.002310589314284517,0.06095783265629651,-0.029730899043508008
bitcoin,2021-04-20,110786.0,170982.0,1026672.0,8207.333671304747,6782.0,21626.0,276.4000007659197,26.732099873945117,68.00519976299256,74948.131341,-0.02012482868058907,0.07024719313496575,0.002310589314284517
bitcoin,2021-04-21,115529.0,172296.0,862990.0,7663.800270942687,8201.0,20396.0,271.2700005546212,18.66439989209175,59.47629991173744,77543.74707300002,-0.09385154354011949,0.07202488537128282,-0.02012482868058907
bitcoin,2021-04-22,160553.0,246234.0,1364413.0,9342.496467233097,12098.0,22460.0,319.4600010663271,23.05210001260275,82.49729979410768,126255.61094299996,0.025104014604848235,0.14347605807846775,-0.09385154354011949
bitcoin,2021-04-23,157559.0,275274.0,1465700.0,9199.369163607655,11430.0,31199.0,376.310000538826,22.982599629089236,99.42390003893524,99023.81115799995,-0.014457054126772673,0.0800282105263157,0.025104014604848235
bitcoin,2021-04-24,125111.0,191126.0,971504.0,7029.921673787649,7596.0,22943.0,185.71000062674284,12.676399867981672,49.04409993253648,49445.495665999995,0.07593822068056588,0.048150384506775445,-0.014457054126772673
bitcoin,2021-04-26,149010.0,251207.0,1603487.0,9506.037967867625,9132.0,28224.0,285.6200008317828,29.887099743820727,92.78000020049512,71340.989298,0.025510107684983296,0.044294198811705376,0.07593822068056588
bitcoin,2021-04-27,134251.0,226960.0,1170281.0,9414.105267766397,6807.0,18820.0,216.74000051617622,25.557699900120497,70.78469987725839,55951.086134000005,-0.022903824004652296,0.043669023338654966,0.025510107684983296
bitcoin,2021-04-28,118163.0,188309.0,999925.0,8340.994573134347,8022.0,19525.0,235.79000052809715,30.193400032818317,66.74289991240948,53971.196896999994,0.010443584927006366,0.05453186320313952,-0.022903824004652296
bitcoin,2021-04-29,123576.0,232333.0,1067394.0,8345.943468545505,6061.0,18072.0,217.06000052392483,19.97019999846816,68.09050013124943,53340.895047,0.07257398934121162,0.04602420671212859,0.010443584927006366
bitcoin,2021-04-30,109780.0,188996.0,965891.0,8921.020670694648,7526.0,20442.0,226.1600005403161,38.07059969380498,69.34730003215373,69648.39732900001,-0.01975268193184887,0.08426899290787504,0.07257398934121162
bitcoin,2021-05-01,112094.0,170377.0,903266.0,7765.012073151534,5232.0,14494.0,166.74000055715442,18.863299924880266,46.949699783697724,40479.486585,0.016078535569735708,0.04007383840611878,-0.01975268193184887
bitcoin,2021-05-02,91109.0,162729.0,735027.0,7550.953272671322,6164.0,17405.0,168.4700004979968,17.395000146701932,48.31369974464178,37595.224365999995,-0.034783253869206554,0.04023788597356126,0.016078535569735708
bitcoin,2021-05-03,99769.0,144548.0,968140.0,9019.424668696767,6170.0,17332.0,196.61000050976872,28.21419993415475,58.916399985551834,66206.01395600001,-0.022528442763725454,0.08064199340417733,-0.034783253869206554
bitcoin,2021-05-04,135590.0,202572.0,1081233.0,9514.65337113489,6166.0,22680.0,209.69000057131052,34.610899679362774,61.79559989832342,82105.684242,0.04383401937412179,0.07065954631379956,-0.022528442763725454
bitcoin,2021-05-05,111711.0,233868.0,1015967.0,10166.378375298053,6826.0,19906.0,247.33000043779612,28.86549998447299,82.51699987053871,74161.59720400002,-0.019536771519925278,0.0769058157916016,0.04383401937412179
bitcoin,2021-05-06,115650.0,216445.0,944626.0,9033.169073662415,5824.0,12897.0,244.55000089854002,16.191299829632044,63.96539995074272,73247.604277,0.03987254369891935,0.05724637681159428,-0.019536771519925278
bitcoin,2021-05-07,127995.0,279986.0,1023414.0,9330.110162917117,6587.0,17597.0,218.7200005799532,31.510399816557765,52.34449976310134,70067.295001,0.0017370853688323251,0.05541894193576247,0.03987254369891935
bitcoin,2021-05-08,111261.0,168642.0,921988.0,8482.016971280333,5214.0,14473.0,154.82000025734305,23.478100009262562,40.348999911919236,79228.78416400001,0.01713955480143947,0.03526963554158957,0.0017370853688323251
bitcoin,2021-05-09,91490.0,163341.0,814530.0,8155.892376320087,5729.0,15768.0,147.6299997717142,16.961200214922428,38.18659979104996,62651.550173,-0.0645364093823868,0.058047509356162985,0.01713955480143947
bitcoin,2021-05-10,114151.0,155126.0,967676.0,8388.165170948254,5791.0,14751.0,208.910000462085,32.43849981436506,57.69880005903542,92552.551258,0.03647213511962333,0.11310823970037465,-0.0645364093823868
bitcoin,2021-05-11,54799.0,83826.0,450275.0,5364.146077019803,5842.0,16066.0,222.00000026077032,26.78479988873005,46.666899856645614,60829.819911000006,-0.12046715822251819,0.06248529923610979,0.03647213511962333
bitcoin,2021-05-12,327621.0,406963.0,2827963.0,9076.828065918642,12681.0,30409.0,241.60000053793192,20.65249987319112,67.11019983887672,133941.598642,-0.02471976397671405,0.25010108695652167,-0.12046715822251819
bitcoin,2021-05-13,234057.0,375032.0,2475019.0,11495.622654030441,11638.0,41889.0,309.79000095278025,34.43169989436865,66.97929970547557,117393.8324,0.0025035132927877513,0.09291893617021274,-0.02471976397671405
bitcoin,2021-05-14,130477.0,194540.0,1225143.0,8451.33327170054,7567.0,20709.0,217.94000038132071,25.878700122237206,55.14360004221089,75939.466607,-0.024720393706422872,0.05362879063233694,0.0025035132927877513
bitcoin,2021-05-15,56191.0,78337.0,453647.0,3955.202884436352,8609.0,20865.0,177.4700005799532,15.504599936306477,64.94030008092523,91058.39861699998,-0.09397047197074093,0.07001463404136277,-0.024720393706422872
bitcoin,2021-05-16,246536.0,350676.0,2642395.0,9272.555078464618,15045.0,35327.0,216.06999983638525,14.59879987128079,45.579999961308204,140608.100803,0.0398425699471785,0.18008212438002058,-0.09397047197074093
bitcoin,2021-05-17,126958.0,160502.0,1119111.0,6272.018980030196,8812.0,19591.0,238.26000083237886,14.50160001963377,52.313599716639146,149106.06608400002,-0.1326444533050949,0.09045022737553876,0.0398425699471785
bitcoin,2021-05-18,43845.0,59915.0,360159.0,2626.5990892983973,11584.0,20656.0,241.8000006005168,26.61169965006411,56.58300001267344,146962.502038,0.0029989065744437937,0.18635858166301555,-0.1326444533050949
bitcoin,2021-05-19,288795.0,412850.0,2885373.0,9734.993670198019,20595.0,49702.0,653.4400015100837,17.060399987734854,95.61969981272705,357647.0074119999,0.013141481384909337,0.36293333333333333,0.0029989065744437937
bitcoin,2021-05-20,204142.0,337840.0,2091387.0,9278.851971169352,11196.0,24718.0,323.5600009858608,18.270400024950504,69.37230007816106,168081.16285799997,-0.09111510840897119,0.11392469168197317,0.013141481384909337
bitcoin,2021-05-21,184648.0,255163.0,1753864.0,8596.334377915482,12533.0,35551.0,332.19000109657645,26.620500137098134,56.331000313162804,210467.79168999995,0.024640413307778886,0.24789178213091256,-0.09111510840897119
bitcoin,2021-05-22,163025.0,240597.0,1507813.0,9406.68037736963,8169.0,24933.0,264.2800005376339,35.8220000769943,57.427300293697044,113609.94131,-0.06230427759227286,0.10307716170908354,0.024640413307778886
bitcoin,2021-05-23,167537.0,218299.0,1564061.0,8469.430973027644,13616.0,35137.0,272.96000046283007,1.7538003027439117,46.842399809509516,227553.85019699996,0.099968779645361,0.19967914895723426,-0.06230427759227286
bitcoin,2021-05-24,209042.0,361163.0,2362255.0,9850.932870895776,9987.0,28191.0,262.040000513196,17.932100113481283,60.41559983044863,160221.38998600002,0.02657806183312128,0.15083059006878186,0.099968779645361
bitcoin,2021-05-25,148535.0,238950.0,1288651.0,9631.573470295465,9035.0,25237.0,261.96000058203936,25.093199973925948,50.884699892252684,105335.60754400004,-0.04200583631606292,0.08989769799904557,0.02657806183312128
bitcoin,2021-05-26,145273.0,240031.0,1281621.0,8746.757769729717,7049.0,19210.0,236.910000808537,8.546500034630299,56.738599844276905,103443.108234,-0.010831005153532525,0.0998196544593446,-0.04200583631606292
bitcoin,2021-05-27,139561.0,210762.0,1119216.0,7764.10457623587,9310.0,23335.0,217.12000063806772,10.317000040784478,49.26960012502968,85894.90010900001,-0.043456804015576944,0.08576086690763551,-0.010831005153532525
bitcoin,2021-05-28,143062.0,252710.0,1197535.0,7847.545779658001,8934.0,23344.0,170.6400002539158,7.008100189268589,36.29360000009183,134362.536462,-0.02663388477714812,0.08306913850766917,-0.043456804015576944
bitcoin,2021-05-29,136560.0,196182.0,1014848.0,7029.442483536666,6895.0,17957.0,140.9500005096197,13.845099952071905,50.084299974143505,113540.75744399999,-0.008211387401033776,0.11862488390904469,-0.02663388477714812
bitcoin,2021-05-30,110692.0,185531.0,1077131.0,7073.058779731393,6182.0,16502.0,130.57000006735325,19.178600024431944,39.970099814236164,72481.913844,0.06619871306473168,0.06834253483649277,-0.008211387401033776
bitcoin,2021-05-31,117638.0,192601.0,952369.0,7089.720879693283,7412.0,29828.0,170.15000043809414,12.347400141879916,31.134899720549583,93766.94024899999,-0.002257537210858418,0.10851022440899394,0.06619871306473168
bitcoin,2021-06-01,98330.0,196921.0,778579.0,5028.687883586856,5964.0,16757.0,174.1700005531311,31.904599798843265,39.48039974272251,74754.608437,0.03559111469914811,0.04984354847754169,-0.002257537210858418
bitcoin,2021-06-02,108099.0,190776.0,937076.0,8535.300370124809,4881.0,15175.0,165.66000033915043,16.991899866610765,44.873099990189075,68399.141495,-0.010883328943902981,0.04761445376327211,0.03559111469914811
bitcoin,2021-06-03,111962.0,204032.0,987290.0,7371.482374829357,7294.0,22406.0,188.2100002244115,20.21949979290366,43.72219996154308,85523.06366599999,0.0031509640341711442,0.05776326317126412,-0.010883328943902981
bitcoin,2021-06-04,201260.0,259106.0,1575394.0,7564.537383179879,6053.0,11658.0,161.65000046789646,15.26239967532456,35.02360001951456,81712.008046,-0.04233830832565799,0.06444776635733485,0.0031509640341711442
bitcoin,2021-06-05,184044.0,349477.0,2035063.0,8960.705581074872,8408.0,29235.0,127.64000022411346,14.057500075548887,42.890099907293916,69556.293777,0.004712028824833681,0.08979885057471271,-0.04233830832565799
bitcoin,2021-06-06,152036.0,271908.0,1429939.0,9041.749867729843,7070.0,21566.0,178.72000064700842,16.85089980624616,34.74269977211952,51024.308459,-0.09405873267345322,0.047640679121004004,0.004712028824833681
bitcoin,2021-06-07,180175.0,332745.0,1930074.0,8876.941267277347,10624.0,21122.0,250.58000043779612,21.770299773663282,46.102299988269806,95695.82058200001,0.007051989045193885,0.1368263732187569,-0.09405873267345322
bitcoin,2021-06-08,116409.0,160359.0,1069221.0,5872.594176883402,7581.0,13369.0,225.94000082463026,13.900100024417043,23.188999887555838,94183.750296,0.0,0.09167677419354847,0.007051989045193885
ethereum,2021-02-28,38737.0,43098.0,292522.0,3259.952392606763,778.0,3553.0,40.199999913573265,0.644699951633811,15.766800045967102,1319664.5036699998,0.09409487871367817,0.12658717270604258,0.05292257352994878
ethereum,2021-03-01,36554.0,51360.0,281816.0,3732.452688032994,412.0,1022.0,34.96000004559755,1.3707000017166138,9.254299897700548,1117554.9878500002,-0.023343984581050914,0.12838960380705666,0.09409487871367817
ethereum,2021-03-02,36859.0,58349.0,312102.0,3794.3957875120104,673.0,3884.0,43.74000000953674,7.275999937206507,12.551600091159344,991891.31199,-0.0015904340261999605,0.09434428932615146,-0.023343984581050914
ethereum,2021-03-03,54628.0,63058.0,262965.0,3872.4766891100444,270.0,802.0,36.9400000423193,10.513099916279316,13.084800034761429,1111700.86332,-0.047158340973075585,0.07929208381915176,-0.0015904340261999605
ethereum,2021-03-04,17375.0,26825.0,126668.0,2667.973386450438,737.0,2907.0,40.479999989271164,9.056899942457676,8.057900071144104,971969.52233,0.043535223953926394,0.10867203984918183,-0.047158340973075585
ethereum,2021-03-05,4551.0,6970.0,51495.0,608.8326984941959,1128.0,2436.0,39.43000015616417,7.203699961304665,11.985699981451035,756033.9646399998,0.08341834065704123,0.07458762815088149,0.043535223953926394
ethereum,2021-03-06,35638.0,48174.0,329887.0,3819.705290393962,668.0,1390.0,33.74000008404255,2.9609000086784363,14.751600049436092,1148702.81769,0.043178320306606066,0.11498119667157947,0.08341834065704123
ethereum,2021-03-07,37111.0,51321.0,305030.0,3836.3336905101314,626.0,2322.0,30.21000012755394,5.106100045144558,15.988900072872639,873434.8632999999,0.06231811107446794,0.07492256263992392,0.043178320306606066
ethereum,2021-03-08,40079.0,62577.0,326931.0,4651.130784457549,653.0,1887.0,35.65999987721443,6.594899997115135,15.35449992120266,1164856.59901,-0.023822231904580327,0.11690971554872176,0.06231811107446794
ethereum,2021-03-09,44607.0,66661.0,290570.0,4359.92457959638,457.0,1865.0,34.77000004053116,3.098799929022789,7.23750002682209,872706.7439700001,0.004608449195474096,0.06869095048377916,-0.023822231904580327
ethereum,2021-03-10,46890.0,71002.0,284660.0,4148.056984395022,871.0,3562.0,45.29000002145767,6.9466000366956,10.170300036668777,834935.7106299999,0.002460263686952402,0.06090774493286366,0.004608449195474096
ethereum,2021-03-11,41336.0,53665.0,256863.0,4449.20529372117,554.0,2173.0,39.34000015258789,1.5766999498009682,4.26769994199276,894799.4629800001,-0.018592282762250334,0.07055072463768108,0.002460263686952402
ethereum,2021-03-12,30045.0,43385.0,218061.0,4043.867786722025,1478.0,2589.0,42.1000000834465,6.110599987208843,8.03789996355772,843877.7501999999,0.07479014840614395,0.05688135277835915,-0.018592282762250334
ethereum,2021-03-13,38034.0,55998.0,290703.0,4586.113080478273,739.0,1970.0,28.810000002384186,2.426999919116497,3.5841999650001526,945759.2714,-0.02138152711688146,0.1019859892538939,0.07479014840614395
ethereum,2021-03-14,47345.0,60800.0,267398.0,4098.152580080146,763.0,2646.0,36.57000005245209,3.018599968403578,11.74040012061596,631889.1888100001,-0.06052262957059362,0.03914488017429196,-0.02138152711688146
ethereum,2021-03-15,39408.0,69884.0,258321.0,4017.1174816280254,1213.0,2617.0,37.83000010251999,3.9572000093758106,6.82849994301796,1102719.8647399999,0.011636675235646932,0.09015703869882219,-0.06052262957059362
ethereum,2021-03-16,14300.0,21485.0,89789.0,2172.533791011083,939.0,3332.0,31.420000091195107,2.2255999594926834,9.082200042903423,669342.95955,0.03331695720182726,0.04749568221070821,0.011636675235646932
ethereum,2021-03-17,3859.0,6778.0,36804.0,541.9937980379909,521.0,1660.0,28.629999935626984,2.81750001758337,6.2673000395298,681812.87539,-0.025979987649395797,0.06249784628814936,0.03331695720182726
ethereum,2021-03-18,35828.0,53718.0,257617.0,3601.1060843700543,893.0,2990.0,41.9899999499321,6.909700021147728,9.117600031197071,581968.39394,0.025533992021679497,0.058160798860089846,-0.025979987649395797
ethereum,2021-03-19,41827.0,71517.0,280337.0,4230.795287009096,548.0,1136.0,33.139999985694885,3.056999981403351,6.839100057259202,483657.11938000005,-0.03175332633053218,0.0347077185654292,0.025533992021679497
ethereum,2021-03-20,43265.0,63458.0,244860.0,3686.8981858883053,385.0,971.0,17.069999873638153,4.430399909615517,9.803500045090914,483622.10951,0.010560515312464824,0.058101811222901034,-0.03175332633053218
ethereum,2021-03-21,40378.0,56008.0,231233.0,3887.993783305865,570.0,2676.0,21.69000017642975,2.961000017821789,6.473799996078014,432968.33936,-0.052099816045938274,0.03563251287922142,0.010560515312464824
ethereum,2021-03-22,44798.0,94551.0,293872.0,4910.314375322079,732.0,1015.0,36.87000007927418,5.817499913275242,4.092599987983704,602400.45015,-0.010328494493632379,0.09205207987191488,-0.052099816045938274
ethereum,2021-03-23,49173.0,55429.0,238742.0,4144.20358327881,423.0,2146.0,36.05000013113022,5.259800113737583,5.4684000462293625,564381.7437700001,-0.06200977470497082,0.04470355443333007,-0.010328494493632379
ethereum,2021-03-24,37226.0,62840.0,293348.0,4138.555986647727,297.0,1731.0,34.73000010848045,6.645799994468689,7.414000004529953,799621.7463399998,0.029006964213094788,0.1326939593472658,-0.06200977470497082
ethereum,2021-03-25,40869.0,59063.0,274074.0,4630.148076816928,564.0,2512.0,37.600000113248825,6.1491999216377735,7.87200000602752,660779.38797,0.04735675338549217,0.04802099953677508,0.029006964213094788
ethereum,2021-03-26,43391.0,52561.0,257107.0,4571.7312810173025,489.0,2462.0,35.330000191926956,5.265999913215637,13.773600056767464,504266.7433699999,0.013194976711278894,0.06723967681234133,0.04735675338549217
ethereum,2021-03-27,46269.0,43719.0,209071.0,3912.422086100618,441.0,932.0,22.849999964237213,-0.1048000156879425,5.332999959588051,410714.13969,-0.012598342721474864,0.03976212336699847,0.013194976711278894
ethereum,2021-03-28,42594.0,48210.0,217031.0,3700.358284965856,816.0,2373.0,24.769999906420708,1.9511999860405922,9.335300087928772,350339.76832,0.06312358928118922,0.03867822318526537,-0.012598342721474864
ethereum,2021-03-29,53331.0,84126.0,454771.0,4922.467081827577,550.0,4356.0,41.10000005364418,9.285699937492609,10.175600066781044,698299.44452,0.011524773551226719,0.09225749035894393,0.06312358928118922
ethereum,2021-03-30,27127.0,52915.0,227461.0,3808.306783375563,1005.0,2678.0,31.719999969005585,3.591899983584881,9.599799901247025,565475.0944,0.04997451677782472,0.03603929334282663,0.011524773551226719
ethereum,2021-03-31,45411.0,67316.0,357786.0,4727.719081228133,796.0,2701.0,35.87000009417534,1.6641000881791115,11.645100232213736,760732.67551,0.04146832853146254,0.10131493368775257,0.04997451677782472
ethereum,2021-04-01,46043.0,69298.0,367422.0,4737.962682468584,741.0,3485.0,42.47999994456768,4.657699979841709,10.921600196510553,812315.8662800002,0.05232613500253103,0.06654040805933104,0.04146832853146254
ethereum,2021-04-02,84024.0,123420.0,604444.0,5947.5896748121595,591.0,2173.0,43.09000012278557,7.293999928981066,8.362999990582466,779148.61197,-0.041390050386231114,0.08336236098280048,0.05232613500253103
ethereum,2021-04-03,23633.0,31932.0,148029.0,2525.320987445535,320.0,1608.0,30.340000085532665,3.949799992144108,11.259099878370762,789434.6060100002,0.00489351026146756,0.07834997266154997,-0.041390050386231114
ethereum,2021-04-04,4061.0,6948.0,20185.0,465.7311961702071,605.0,1377.0,23.55000004172325,1.2563000544905663,7.541999951004982,471097.74531,0.04985366239519062,0.04470314435255096,0.00489351026146756
ethereum,2021-04-05,32268.0,56618.0,188775.0,2649.4834876842797,677.0,1807.0,29.080000311136246,3.628899946808815,10.89749993942678,701148.2822899999,-0.015568196801597267,0.07434507904003196,0.04985366239519062
ethereum,2021-04-06,68941.0,106810.0,407920.0,4996.444384381059,701.0,6145.0,25.210000038146973,3.4291999489068985,11.260200060904026,651463.5108400002,-0.03436976799808655,0.044912332183992376,-0.015568196801597267
ethereum,2021-04-07,53399.0,113445.0,312916.0,4882.957484581508,916.0,2910.0,45.21000009775162,3.232299968600273,17.16670000553131,904323.8926699999,0.028083124860674324,0.09325858415241361,-0.03436976799808655
ethereum,2021-04-08,56654.0,72835.0,266140.0,4521.242879351019,603.0,2566.0,39.77000004053116,4.099099915474653,9.070900006219745,456959.05948999996,0.0558173600470282,0.05804886414074151,0.028083124860674324
ethereum,2021-04-09,17205.0,30189.0,101725.0,2213.547090988839,461.0,1797.0,32.450000047683716,1.65329996868968,7.316800080239773,584813.7776500001,-0.02777955256984821,0.07322338186240285,0.0558173600470282
ethereum,2021-04-10,1814.0,4521.0,12548.0,226.3913990072906,798.0,3996.0,30.980000019073486,4.247799947857857,12.428199991583824,509480.23539000005,0.010435100994691027,0.05590032300950787,-0.02777955256984821
ethereum,2021-04-11,30296.0,41454.0,286201.0,2158.9287904440425,1253.0,2945.0,30.23999997973442,5.129299931228161,8.563400126993656,406217.69706000003,0.005119533202635029,0.024425097000094542,0.010435100994691027
ethereum,2021-04-12,54212.0,83367.0,323786.0,4769.912081791321,482.0,1135.0,31.880000069737434,2.791699968278408,13.510700032114983,585818.1940299999,0.09594372238347915,0.04826831588962888,0.005119533202635029
ethereum,2021-04-13,56127.0,102993.0,385803.0,5029.052681222267,763.0,3975.0,45.540000066161156,6.6170999854803085,16.575800016522408,841075.67729,0.03335104633214403,0.10572043850958823,0.09594372238347915
ethereum,2021-04-14,74086.0,114425.0,481421.0,5535.4487852194,956.0,3244.0,45.510000079870224,1.545699991285801,16.105599988251925,971237.6519900002,-0.011203075642187144,0.08194619487242094,0.03335104633214403
ethereum,2021-04-15,76777.0,105851.0,502224.0,5954.811777904746,1252.0,4993.0,58.769999995827675,4.466400004923344,16.10500007867813,724728.3599700001,0.02393128526438737,0.059544796846674464,-0.011203075642187144
ethereum,2021-04-16,65300.0,99455.0,373339.0,5346.518175866979,638.0,4358.0,32.94999998807907,2.7897999063134193,8.925399981439114,928533.4008199999,-0.13299203869797438,0.08478260869565224,0.02393128526438737
ethereum,2021-04-17,45461.0,75652.0,264718.0,3923.205685156863,658.0,1212.0,22.280000150203705,2.3880999982357025,6.705400012433529,985064.39486,0.05200318016765615,0.2762225190055476,-0.13299203869797438
ethereum,2021-04-18,59441.0,121626.0,350270.0,4308.987085503759,1898.0,4611.0,22.41000008583069,1.9530999958515167,5.880699921399355,1139223.5340199997,-0.05399349444022117,0.12855740922473013,0.05200318016765615
ethereum,2021-04-19,47692.0,77385.0,277377.0,4558.860582653899,1388.0,2545.0,27.88999991118908,5.118199963122606,14.950299948453903,814639.4440199999,0.07730867877281566,0.10307021791767568,-0.05399349444022117
ethereum,2021-04-20,49626.0,84836.0,406096.0,4890.811886662617,979.0,4988.0,39.33000026643276,6.6232999712228775,12.152300089597702,1076508.6801399998,0.061114748979830935,0.14986861313868616,0.07730867877281566
ethereum,2021-04-21,47109.0,77420.0,290116.0,3901.2608885978116,1003.0,4104.0,48.66000009328127,4.698500011116266,16.762399926781654,1367547.41143,-0.09796397103297205,0.10486050215644527,0.061114748979830935
ethereum,2021-04-22,71316.0,95581.0,581309.0,5664.705079908774,1287.0,5311.0,50.5500001385808,4.491500046104193,16.013700004667044,2657768.69839,0.04618953339283527,0.24974952741020795,-0.09796397103297205
ethereum,2021-04-23,47413.0,67496.0,334707.0,4766.430786644807,1176.0,4063.0,42.26000018417835,2.137399986386299,11.969600073993206,1923729.72757,-0.05011779175111297,0.1286331276696726,0.04618953339283527
ethereum,2021-04-24,57310.0,98354.0,311680.0,4467.713289579493,772.0,2497.0,33.07000008225441,5.611299864947796,10.95389986783266,864689.5290499999,0.14265328731712446,0.08037868943753468,-0.05011779175111297
ethereum,2021-04-26,53419.0,77650.0,366693.0,5190.4826838255685,572.0,2263.0,35.55000004172325,3.915799930691719,15.688599914312363,837125.13142,0.049275235104714765,0.055225394984780296,0.14265328731712446
ethereum,2021-04-27,50230.0,67705.0,366576.0,4264.50638812501,769.0,2888.0,39.680000357329845,3.631800003349781,14.84730015695095,832504.5106500003,0.018742656369423072,0.08460822720865124,0.049275235104714765
ethereum,2021-04-28,74327.0,94537.0,465385.0,6017.663181368931,982.0,3800.0,50.88000026345253,5.881900053471327,20.530299991369247,1001538.59296,0.0324098957866763,0.07836089144500358,0.018742656369423072
ethereum,2021-04-29,93207.0,146790.0,567612.0,6147.068880889739,965.0,3423.0,47.11000010371208,3.7611000444740057,13.160300135612488,814613.6481099998,0.02807353712106142,0.04596566780309819,0.0324098957866763
ethereum,2021-04-30,64042.0,75999.0,408151.0,5701.413683514518,780.0,2745.0,36.90000009536743,2.5223000273108482,11.746300034224987,743520.62085,0.02877338584892386,0.045958818841830285,0.02807353712106142
ethereum,2021-05-01,35967.0,52833.0,263836.0,3487.579585596919,1358.0,5357.0,47.97000037133694,3.021799948066473,20.446599818766117,666296.1353899998,0.043269000690499215,0.053278863840527046,0.02877338584892386
ethereum,2021-05-02,40314.0,66884.0,458528.0,3391.8396902407985,1703.0,4717.0,34.050000101327896,6.334899939596653,12.372399911284447,634174.7769500001,0.09707077326343394,0.0728334724043389,0.043269000690499215
ethereum,2021-05-03,74463.0,89985.0,714981.0,7333.878181081032,2031.0,6099.0,77.59000018239021,7.0264999605715275,28.770900018513203,1548780.4138200001,-0.025658103014700284,0.13271155536316281,0.09707077326343394
ethereum,2021-05-04,72227.0,106958.0,548078.0,6073.034981088946,1289.0,3099.0,60.080000191926956,4.499799989163876,21.040499858558178,1646195.5369900002,0.0545618955660796,0.11613924050632907,-0.025658103014700284
ethereum,2021-05-05,48937.0,69512.0,331567.0,5972.260582776042,1294.0,5194.0,52.050000086426735,7.395499940961599,22.33659989386797,1097903.9813500002,-0.005644774514220963,0.10125349053676702,0.0545618955660796
ethereum,2021-05-06,79317.0,118366.0,511876.0,6439.622277972172,2378.0,8093.0,50.630000084638596,3.286399967968464,26.023399889469147,971889.12739,0.04148287161678277,0.07520211855434922,-0.005644774514220963
ethereum,2021-05-07,36599.0,94442.0,242500.0,4180.467083727941,1483.0,3079.0,42.720000207424164,4.494799993932247,15.18690013885498,657907.2922200001,0.09375666603047006,0.05563338002801688,0.04148287161678277
ethereum,2021-05-08,49941.0,67442.0,425227.0,3779.633690448012,962.0,2704.0,31.900000154972076,3.5361999571323395,8.48819998651743,1244283.80369,0.050658475498347455,0.12894513179435418,0.09375666603047006
ethereum,2021-05-09,62886.0,87006.0,558842.0,6069.937581784092,1046.0,3714.0,31.440000042319298,6.724700026214123,7.133900037035346,976125.8289399999,-0.04565626763126207,0.09920881999312958,0.050658475498347455
ethereum,2021-05-10,78679.0,102118.0,639865.0,5786.598581991275,1579.0,3374.0,63.07000033557415,4.5493999272584915,25.24180008471012,1629067.2845,0.10069202735350724,0.1528767123287671,-0.04565626763126207
ethereum,2021-05-11,46919.0,60965.0,335203.0,4060.9278885434032,1445.0,4484.0,53.5700002014637,3.88000001385808,13.541100077331066,1004101.3116699997,-0.0927408854166667,0.13263946364341472,0.10069202735350724
ethereum,2021-05-12,79292.0,126298.0,720351.0,5319.502283337759,927.0,4512.0,40.42000012099743,4.439200010150671,9.912200085818768,1925087.22041,-0.026745670102564345,0.24934857142857147,-0.0927408854166667
ethereum,2021-05-13,51988.0,82621.0,417383.0,4859.458284588531,1774.0,5928.0,65.24000003933907,12.138699937611818,19.570700023323298,1772579.9953699994,0.054550529547764626,0.13671569471778988,-0.026745670102564345
ethereum,2021-05-14,69457.0,99321.0,503589.0,5453.349378589948,1504.0,6686.0,41.19000008702278,5.152400009334087,13.920100033283234,1070203.1869899998,-0.05172370740672305,0.10518844939725858,0.054550529547764626
ethereum,2021-05-15,33726.0,53647.0,225631.0,3160.4587881049956,596.0,772.0,33.790000200271606,2.3009999245405197,10.517399981617928,1048446.1818399999,-0.12397830208552763,0.11693161885557224,-0.05172370740672305
ethereum,2021-05-16,64970.0,83727.0,473642.0,5381.817180682614,1361.0,3448.0,33.77000018954277,4.4050998985767365,17.475300051271915,1612732.1314399997,0.054824785528348796,0.2504835589941974,-0.12397830208552763
ethereum,2021-05-17,39483.0,62343.0,270083.0,3677.7021871941397,1356.0,6389.0,58.289999946951866,5.864899918437004,21.58839989081025,1677055.41848,-0.1646001761100203,0.1453669413227059,0.054824785528348796
ethereum,2021-05-18,36291.0,58090.0,256641.0,3244.685687350109,1049.0,5631.0,59.15000034868717,6.087399989366531,19.184399865567684,1634149.96414,-0.12535646549959745,0.24727944340087937,-0.1646001761100203
ethereum,2021-05-19,92581.0,141031.0,762103.0,5904.227881354978,1571.0,8446.0,47.710000187158585,8.236000001430511,15.37319990247488,4671317.671750001,0.08408896792989262,0.6046398305084746,-0.12535646549959745
ethereum,2021-05-20,65982.0,99115.0,401453.0,4200.967381149298,1118.0,4272.0,57.8999999165535,8.140999868512154,18.667899943888187,2309971.4838200007,-0.18452123985494728,0.16812060741255852,0.08408896792989262
ethereum,2021-05-21,52728.0,121029.0,353324.0,3525.991487983498,762.0,2935.0,40.770000010728836,4.225699968636036,9.337999984622002,2804578.8879000004,0.00818345046034663,0.33561161351737256,-0.18452123985494728
ethereum,2021-05-22,42890.0,64271.0,331985.0,3220.4688877060544,646.0,857.0,24.190000027418137,4.194900035858154,9.585899986326694,1499197.6450599995,-0.07928867729683386,0.15771561771561782,0.00818345046034663
ethereum,2021-05-23,52422.0,76941.0,472518.0,3912.494285611727,1154.0,6862.0,36.01000013947487,3.41689994931221,12.109600074589252,3054281.1145099993,0.2298252951352584,0.3217314344551523,-0.07928867729683386
ethereum,2021-05-24,53908.0,101773.0,432369.0,4235.892683509504,1012.0,4572.0,35.22999994456768,1.1310999691486359,8.239199966192245,2298153.13068,0.08757197511303483,0.31165368526989057,0.2298252951352584
ethereum,2021-05-25,62690.0,104574.0,414056.0,4480.348085918464,1299.0,8044.0,56.67000025510788,8.026199914515018,10.80609991028905,1987358.13614,-0.03912148981455488,0.19821403045565766,0.08757197511303483
ethereum,2021-05-26,66795.0,109054.0,472591.0,4941.43308058707,934.0,5617.0,62.14000006020069,3.516599927097559,21.291900034993887,1596030.5502000002,-0.017653954389637017,0.10491783360165252,-0.03912148981455488
ethereum,2021-05-27,64477.0,107580.0,376913.0,4871.756184313854,1486.0,5425.0,53.220000088214874,7.9418999291956425,14.58030005544424,922247.7901999998,-0.07075555154020174,0.08224905660377368,-0.017653954389637017
ethereum,2021-05-28,44671.0,69787.0,284109.0,4266.831783076108,746.0,4282.0,32.449999928474426,0.591999962925911,7.105400076135993,1627966.4090399996,-0.06931306739693188,0.1507059440228926,-0.07075555154020174
ethereum,2021-05-29,41013.0,83744.0,296864.0,3468.534689513617,608.0,2391.0,25.410000056028366,4.029799968004227,7.2978000938892365,1426934.8801099998,0.005675956838352647,0.1805707786639026,-0.06931306739693188
ethereum,2021-05-30,36218.0,49657.0,247979.0,3443.4007869991474,820.0,3340.0,19.020000010728836,2.9553000032901764,14.030599921941757,1086494.4951099996,0.14134043151766984,0.09024231324622267,0.005675956838352647
ethereum,2021-05-31,27790.0,50848.0,204568.0,3383.1989890357945,684.0,4855.0,41.69000023603439,4.269199892878532,9.645600099116564,1290433.6878000004,-0.004918449304325834,0.1930524289937865,0.14134043151766984
ethereum,2021-06-01,13460.0,29485.0,85629.0,876.6273972084746,1024.0,4521.0,56.86999990046024,8.683499932289124,18.235900089144707,1128869.35155,0.05454566241368286,0.0763113474446655,-0.004918449304325834
ethereum,2021-06-02,39771.0,90380.0,285737.0,4618.430283073569,601.0,2202.0,53.28000018000603,5.397899940609932,10.895400013774633,945672.1644400001,-0.01677526136811258,0.07474962040459499,0.05454566241368286
ethereum,2021-06-03,39716.0,88906.0,349358.0,4192.336575057823,1449.0,7657.0,56.909999921917915,6.900499939918518,16.51760007441044,1163748.1602,0.023445741064044734,0.07828113348247578,-0.01677526136811258
ethereum,2021-06-04,44268.0,94903.0,321393.0,4200.191073798975,1476.0,10641.0,57.37000000476837,7.453399989753962,11.846899956464767,1047070.6795199999,-0.03754300530787846,0.09326802507836995,0.023445741064044734
ethereum,2021-06-05,43907.0,78624.0,348869.0,3769.6511853646953,1338.0,7649.0,44.34000025689602,5.472599945962429,16.34319992363453,962767.3845700001,0.032858208955223844,0.10368971448497977,-0.03754300530787846
ethereum,2021-06-06,40602.0,67071.0,308487.0,3844.3123880407074,1282.0,5616.0,42.48000031709671,5.668699990957975,13.923300124704838,723903.8459900001,-0.09699572986134686,0.056906886503299114,0.032858208955223844
ethereum,2021-06-07,40505.0,85359.0,353940.0,4431.395985536568,885.0,3757.0,46.08000007271767,8.596399903297424,15.313799880445004,1401283.1193900001,-0.00860147945446621,0.1731444250354306,-0.09699572986134686
ethereum,2021-06-08,22151.0,29101.0,150269.0,2821.880192648503,231.0,722.0,34.380000069737434,2.383100040256977,3.2651999592781067,1288822.9711500003,0.0,0.11062470985851935,-0.00860147945446621
litecoin,2021-03-02,2009.0,3186.0,14094.0,197.17509847693145,441.0,1509.0,12.740000069141388,2.656699985265732,4.439100012183189,1494419.77522,-0.025963015948709645,0.11236744976272783,0.08372093023255811
litecoin,2021-03-03,4102.0,6644.0,40509.0,457.2202966841869,292.0,1012.0,16.3400000333786,1.6339000165462494,2.8742000460624695,1933427.34208,-0.07490616330305178,0.07301223241590216,-0.025963015948709645
litecoin,2021-03-04,2979.0,4439.0,20213.0,389.8186970576644,234.0,1129.0,8.639999985694885,1.9657999724149704,2.2289000377058983,1468094.27102,0.10813830412795467,0.12967359050445104,-0.07490616330305178
litecoin,2021-03-07,3596.0,4960.0,24309.0,408.01539821736515,348.0,1458.0,10.000000059604645,0.2953999936580658,2.5830000042915344,898175.8530300002,0.04483947996816151,0.07149519890260625,0.10813830412795467
litecoin,2021-03-08,2592.0,3791.0,17394.0,457.38029738282785,286.0,546.0,11.5700002014637,-0.02369999885559082,5.6116999089717865,1323655.5146700006,-0.009700355510411374,0.11649404165274513,0.04483947996816151
litecoin,2021-03-09,4887.0,7882.0,39916.0,543.0334960136097,252.0,816.0,13.959999918937683,0.6678999960422516,0.4977000653743744,1324847.0008600003,0.020667726550079424,0.08544419491304134,-0.009700355510411374
litecoin,2021-03-10,1816.0,2237.0,10231.0,241.60589779913425,285.0,1382.0,9.710000157356262,0.1517999917268753,1.0458999872207642,1182074.27261,0.04919103607677622,0.08181203515889113,0.020667726550079424
litecoin,2021-03-11,10874.0,14368.0,40779.0,451.3468977198936,136.0,502.0,10.02999997138977,0.6052999645471573,2.3284000158309937,1267110.8349000001,0.04420286384751693,0.108202900068052,0.04919103607677622
litecoin,2021-03-12,2560.0,3205.0,20345.0,395.18359772505937,457.0,658.0,16.69000008702278,1.2437000572681427,7.863500006496906,1881386.2648899998,0.02719684461566696,0.11746237416525473,0.04420286384751693
litecoin,2021-03-13,5809.0,8632.0,43357.0,916.6238913754933,403.0,824.0,16.289999961853027,-0.020699992775917053,-0.7190999984741211,1229014.9599499998,-0.025271241684154067,0.06780761560224469,0.02719684461566696
litecoin,2021-03-14,3886.0,6601.0,36828.0,550.4671955790836,232.0,1637.0,8.080000042915344,1.1544999778270721,1.9249000027775764,818222.0391700001,-0.09678896981356788,0.05660999387745491,-0.025271241684154067
litecoin,2021-03-15,4887.0,6514.0,32492.0,510.9084963480709,183.0,261.0,10.789999902248383,0.6181000247597694,2.473600037395954,1527141.90184,0.004513642357236947,0.14376144389223122,-0.09678896981356788
litecoin,2021-03-16,1209.0,3345.0,11469.0,306.3525972762145,326.0,1584.0,14.47000002861023,0.6361000239849091,4.251500070095062,897772.5455899999,0.015196647649820871,0.0633245382585752,0.004513642357236947
litecoin,2021-03-18,2915.0,4485.0,20907.0,234.5259997714311,257.0,1283.0,10.170000076293945,0.18940001726150513,1.9520999640226364,760326.8648999999,0.00104436045355083,0.06353097390327367,0.015196647649820871
litecoin,2021-03-19,4587.0,6697.0,35949.0,530.9053976172581,172.0,853.0,9.000000059604645,2.616899937391281,1.6530999541282654,516600.2571899999,-0.03040389487803674,0.03108339201287591,0.00104436045355083
litecoin,2021-03-20,5036.0,8832.0,41696.0,532.1218966939487,211.0,395.0,7.089999943971634,0.7382999956607819,3.0365999937057495,529049.34958,-0.0013834093354510024,0.059150007708515195,-0.03040389487803674
litecoin,2021-03-21,3018.0,4900.0,26830.0,419.219098104164,375.0,944.0,17.230000108480453,-0.008599989116191864,4.059399902820587,581951.0598299999,-0.0364289379168804,0.04402615206158389,-0.0013834093354510024
litecoin,2021-03-22,3819.0,5582.0,28381.0,428.40739813284017,178.0,139.0,6.120000004768372,0.4018999934196472,0.9130000323057175,702847.77958,0.01693290734824271,0.07905867042620107,-0.0364289379168804
litecoin,2021-03-23,4072.0,7372.0,36243.0,506.0428981753648,99.0,341.0,4.150000065565109,-0.07169997692108154,0.6793999969959259,753407.2946600001,-0.0843020211540475,0.06868374558303891,0.01693290734824271
litecoin,2021-03-24,4897.0,7044.0,39677.0,453.5589977307245,330.0,689.0,12.209999978542328,1.6951000094413757,2.6901999786496162,1176995.4780000001,0.002859103385178363,0.1512232148070296,-0.0843020211540475
litecoin,2021-03-25,3830.0,5971.0,28752.0,448.78689761273563,56.0,172.0,5.519999980926514,0.8845999836921692,1.7822999954223633,873824.9758800002,0.038487854943551225,0.061420231145001614,0.002859103385178363
litecoin,2021-03-26,5963.0,6636.0,32376.0,441.49029654823244,82.0,523.0,5.880000054836273,0.05689999461174011,0.8171999976038933,681166.4064499999,0.02207214626914844,0.0609735072696973,0.038487854943551225
litecoin,2021-03-27,4627.0,6025.0,28840.0,389.5658977795392,239.0,636.0,9.610000014305115,0.4732000008225441,1.4173000007867813,463361.5235500001,0.04018264840182639,0.05367088607594939,0.02207214626914844
litecoin,2021-03-28,4175.0,5542.0,26662.0,395.2926962552592,162.0,1259.0,8.60999995470047,1.834299921989441,2.378700017929077,511605.69852000003,-0.011000361514228119,0.07766666666666655,0.04018264840182639
litecoin,2021-03-29,4645.0,6515.0,32059.0,452.5991966188885,216.0,479.0,8.060000002384186,2.832400009036064,4.637999892234802,863159.24499,0.009451697127937253,0.03797867311025893,-0.011000361514228119
litecoin,2021-03-30,3396.0,8278.0,35439.0,414.3166962477844,215.0,932.0,12.460000038146973,0.06560000777244568,2.2648999989032745,856045.1906800003,0.015208732088355381,0.05122412524955333,0.009451697127937253
litecoin,2021-03-31,4336.0,5681.0,31339.0,466.41479730419815,441.0,863.0,7.370000004768372,1.3325000181794167,1.9164999276399612,737226.2445899999,0.04713375796178343,0.07390374331550809,0.015208732088355381
litecoin,2021-04-01,6362.0,7216.0,49802.0,617.326497553091,249.0,702.0,13.690000027418137,2.4543000161647797,3.320299981161952,996708.7080600002,0.033333333333333215,0.07731958762886593,0.04713375796178343
litecoin,2021-04-02,5666.0,8092.0,43038.0,493.5529977756087,197.0,403.0,8.400000035762787,1.0935999751091003,-0.47189998626708984,797953.6518600001,-0.06559924652696025,0.06683894051582784,0.033333333333333215
litecoin,2021-04-03,2416.0,3217.0,23586.0,331.4585984945297,138.0,446.0,9.080000042915344,2.771199941635132,0.9002999663352966,967353.5878000001,0.12292107650438466,0.13396108625533243,-0.06559924652696025
litecoin,2021-04-05,253.0,294.0,2539.0,37.7725998647511,155.0,231.0,4.39000004529953,0.1184999942779541,-0.5455000028014183,1454010.07213,0.07961940666935963,0.15110819407280252,0.12292107650438466
litecoin,2021-04-06,7336.0,11557.0,87142.0,693.6544977463782,380.0,1337.0,15.440000057220459,0.4186999797821045,2.7522999942302704,2494909.1937,-0.0682602369569737,0.14847161572052414,0.07961940666935963
litecoin,2021-04-07,4748.0,9345.0,42390.0,647.0576969927642,170.0,370.0,5.0,0.22630000114440918,0.6396000385284424,2145890.8881599996,0.00401552670325267,0.15286805522607572,-0.0682602369569737
litecoin,2021-04-08,4712.0,5384.0,37878.0,573.2052957825363,94.0,46.0,4.719999969005585,0.5350000262260437,1.996500015258789,940724.8099900002,0.03492867617650974,0.05555811701784319,0.00401552670325267
litecoin,2021-04-09,2157.0,2913.0,12231.0,315.78159786202013,193.0,1133.0,6.949999988079071,0.4602000266313553,2.526199996471405,855735.41212,0.08317231310919326,0.06986100950987573,0.03492867617650974
litecoin,2021-04-11,1045.0,966.0,5957.0,59.78959996253252,211.0,920.0,9.000000059604645,0.6442999690771103,1.5088000297546387,1720511.2107999998,-0.013795290573218044,0.07701107161825393,0.08317231310919326
litecoin,2021-04-12,5353.0,7186.0,37834.0,520.2349967751652,123.0,704.0,6.650000095367432,-0.09799996018409729,0.15149998664855957,1325418.8955100002,0.12810515314735893,0.08303820674138573,-0.013795290573218044
litecoin,2021-04-13,6267.0,9424.0,55364.0,682.4416964002885,99.0,581.0,10.150000035762787,0.04499998688697815,2.194199999794364,2157128.44587,-0.02365936219490461,0.14214222293970447,0.12810515314735893
litecoin,2021-04-14,10371.0,22163.0,72726.0,629.2665973186377,319.0,1465.0,9.86000007390976,1.2103999853134155,3.0689000636339188,1781063.79954,0.02795518411736797,0.10905882352941187,-0.02365936219490461
litecoin,2021-04-15,7414.0,13594.0,69545.0,646.402896957472,47.0,121.0,6.4799999594688416,0.49149997159838676,1.246299996972084,1735243.7991199996,0.14353676287854578,0.11661654135338329,0.02795518411736797
litecoin,2021-04-16,15469.0,19820.0,142334.0,1206.6004949349444,546.0,2442.0,12.990000039339066,3.117099992930889,3.4061999917030334,3241600.66387,-0.21816206147159267,0.2577401129943504,0.14353676287854578
litecoin,2021-04-17,8550.0,11388.0,68782.0,681.7911973840091,133.0,502.0,6.439999997615814,-0.17429998889565468,-0.6448000073432922,3120099.56722,0.09645395703450732,0.45257464301168326,-0.21816206147159267
litecoin,2021-04-18,6251.0,7693.0,52715.0,608.3417983166873,129.0,724.0,7.060000002384186,0.6655000150203705,2.6106999814510345,2529001.3017599997,-0.07902361292191795,0.1541333549774766,0.09645395703450732
litecoin,2021-04-19,5837.0,8228.0,52590.0,677.8423962064553,143.0,1497.0,7.129999995231628,0.6141999959945679,2.12090003490448,1955190.9275,0.02544239087691702,0.1493388429752065,-0.07902361292191795
litecoin,2021-04-20,7135.0,13817.0,71063.0,694.682296686573,167.0,1423.0,6.050000011920929,3.2633999586105347,0.9611999988555908,2075298.32908,0.006787590597078008,0.16426955742392568,0.02544239087691702
litecoin,2021-04-21,5372.0,6719.0,44662.0,691.2677973052487,121.0,569.0,13.0799999833107,0.44040001928806305,3.60139998793602,1950220.1505399998,-0.13853127142530675,0.1046859421734796,0.006787590597078008
litecoin,2021-04-22,6420.0,8673.0,54447.0,698.6576966347639,253.0,555.0,4.340000033378601,-1.247600018978119,0.9172000139951706,3426379.5297399997,0.03408940177742403,0.3998259944898257,-0.13853127142530675
litecoin,2021-04-23,8409.0,14700.0,59259.0,581.414298317628,73.0,283.0,5.590000033378601,-1.3276000022888184,0.7685999870300293,2105135.11198,-0.03886608517188306,0.11627799797216332,0.03408940177742403
litecoin,2021-04-24,7031.0,12960.0,54094.0,512.5867988213431,15.0,105.0,2.899999976158142,0.0,1.5769999623298645,1047435.9607700001,0.10236220472440949,0.07402196605246436,-0.03886608517188306
litecoin,2021-04-26,5782.0,9995.0,47792.0,570.8121982642915,214.0,769.0,9.8299999833107,1.2322999835014343,1.5295999646186829,1117328.43102,0.02691686844229202,0.06734192235972203,0.10236220472440949
litecoin,2021-04-27,6563.0,11178.0,41164.0,521.1430981424637,140.0,781.0,5.540000081062317,-0.29280001670122147,1.8040999844670296,1154794.1077299998,-0.012771643022753132,0.07911226098556812,0.02691686844229202
litecoin,2021-04-28,8656.0,18891.0,74440.0,470.38579932705034,267.0,1720.0,6.650000095367432,0.18219999969005585,-0.4342000186443329,929145.23753,0.04048244566515402,0.050933031747314006,-0.012771643022753132
litecoin,2021-04-29,6325.0,10597.0,54777.0,611.5775973366108,96.0,1607.0,9.06000006198883,0.4326999932527542,1.8261999487876892,918346.75233,0.0418914266039252,0.059356866537717545,0.04048244566515402
litecoin,2021-04-30,9057.0,19838.0,76788.0,661.1731967614032,85.0,432.0,6.670000076293945,0.7782999873161316,1.4873999953269958,1028532.7970799998,-0.004920320188000149,0.05812163202463427,0.0418914266039252
litecoin,2021-05-01,7880.0,13267.0,42716.0,492.2046970126685,188.0,314.0,7.880000054836273,0.0,2.7933999449014664,762700.2276699999,0.006125461254612663,0.05124528301886788,-0.004920320188000149
litecoin,2021-05-02,6041.0,12174.0,52702.0,507.6711979471147,243.0,1043.0,3.6700000166893005,0.36400000005960464,0.9715999960899353,613383.2559999999,0.04111347465708204,0.037476388364185986,0.006125461254612663
litecoin,2021-05-03,6053.0,12888.0,67143.0,526.7572993524373,301.0,1684.0,14.040000081062317,3.7049999609589577,1.2520000040531158,1849033.1191999998,0.15049142212984812,0.11007407407407421,0.04111347465708204
litecoin,2021-05-04,11761.0,22650.0,118311.0,642.2788983671926,76.0,221.0,6.510000050067902,0.8073999881744385,0.74430001527071,4469401.294310001,0.03698827275789229,0.22238122495706936,0.15049142212984812
litecoin,2021-05-05,11350.0,21209.0,109058.0,1006.0843953613658,604.0,2785.0,11.6700000166893,0.3889000155031681,0.3056999556720257,3244631.2517799996,0.030560722827531084,0.1338864031817053,0.03698827275789229
litecoin,2021-05-06,10219.0,16188.0,89271.0,860.4069971474819,295.0,1077.0,14.190000116825104,2.7317999601364136,5.247400030493736,3128145.425649999,0.0008308979428113261,0.17767295597484267,0.030560722827531084
litecoin,2021-05-07,4396.0,6983.0,37621.0,504.4090978372842,191.0,891.0,11.319999992847443,3.7274999916553497,1.9058999344706535,2123471.6570499996,-0.025278406000400766,0.11901119011190109,0.0008308979428113261
litecoin,2021-05-08,9092.0,11770.0,52337.0,582.0594989284873,217.0,884.0,11.970000058412552,1.6323999613523483,2.127799965441227,1361417.5759699997,0.1813322368421053,0.058498995532367815,-0.025278406000400766
litecoin,2021-05-09,13231.0,21558.0,125019.0,1011.8779978507664,613.0,1628.0,14.580000042915344,2.197300046682358,3.7109000012278557,2938423.60647,-0.11647854408035407,0.22088697295382076,0.1813322368421053
litecoin,2021-05-10,12214.0,22132.0,88152.0,727.5746975344373,598.0,1397.0,20.040000081062317,5.118299979716539,9.612300023436546,3460807.41412,0.08605115794805407,0.21976144809398224,-0.11647854408035407
litecoin,2021-05-11,9771.0,14064.0,68662.0,746.1641963995062,813.0,2118.0,15.010000050067902,0.982200026512146,5.0203999280929565,1845707.3796100004,-0.16053892991320118,0.13429015186378268,0.08605115794805407
litecoin,2021-05-12,8526.0,15872.0,76455.0,629.9411968232598,495.0,1171.0,11.899999976158142,0.5690999925136566,1.3074999898672104,3215762.57026,-0.035309731781845155,0.3048747733834687,-0.16053892991320118
litecoin,2021-05-13,8435.0,15140.0,64435.0,636.9702981979935,105.0,578.0,4.730000019073486,0.8726000040769577,2.6254000067710876,2261898.8719300004,0.031067029275315905,0.14340206185567017,-0.035309731781845155
litecoin,2021-05-14,4775.0,8333.0,43159.0,546.470998599194,393.0,1182.0,8.960000038146973,2.29339998960495,4.8787999749183655,1357293.55874,-0.0394402035623409,0.09014573882829846,0.031067029275315905
litecoin,2021-05-15,5569.0,7795.0,43739.0,518.52949809446,64.0,281.0,5.03999999165535,2.2018999829888344,0.9152000099420547,1487322.5519800002,-0.09969310289129385,0.09653239693419313,-0.0394402035623409
litecoin,2021-05-16,5272.0,8729.0,47202.0,550.611898208037,113.0,1269.0,5.400000035762787,0.02490006387233734,0.0,2053049.88008,0.09440597079191937,0.23001860500436644,-0.09969310289129385
litecoin,2021-05-17,5965.0,9123.0,73309.0,521.006797535345,81.0,279.0,8.789999917149544,2.097199968993664,3.8913999646902084,2003789.3129699996,-0.13344262295081966,0.18077085007846305,0.09440597079191937
litecoin,2021-05-18,7149.0,15388.0,72319.0,720.9872967950068,217.0,763.0,9.070000022649765,1.3213999941945076,3.0525999814271927,2928604.1407799996,-0.24812712826333716,0.2360349854227406,-0.13344262295081966
litecoin,2021-05-19,10323.0,13313.0,62816.0,673.4651970210834,172.0,824.0,7.880000054836273,0.820499986410141,-0.4681999981403351,7448101.1560700005,0.02888486312399352,0.8514285714285716,-0.24812712826333716
litecoin,2021-05-20,7308.0,12994.0,65097.0,532.718597748084,140.0,201.0,4.800000011920929,1.1217999756336212,3.6927000284194946,3082374.1079600006,-0.17186735791841934,0.15402369595322352,0.02888486312399352
litecoin,2021-05-21,6963.0,10840.0,53723.0,595.1180973968003,252.0,614.0,9.990000128746033,2.3149000108242035,3.2234000712633133,3017459.3726199996,0.0036026458776281522,0.3364844149207973,-0.17186735791841934
litecoin,2021-05-22,4760.0,7223.0,35924.0,449.4593967758119,195.0,430.0,8.439999997615814,1.8521999567747116,2.4012999832630157,1760501.6562699997,-0.12422762313893965,0.1394715673535052,0.0036026458776281522
litecoin,2021-05-23,7557.0,11830.0,62624.0,548.4117985796183,98.0,235.0,4.759999990463257,-0.7008000016212463,0.807200014591217,4188672.91404,0.20749899207095823,0.44920782851817354,-0.12422762313893965
litecoin,2021-05-24,4581.0,7924.0,35835.0,466.4995978383813,219.0,907.0,6.310000032186508,2.3109999671578407,1.7049000263214111,2420184.42637,0.07184195882025612,0.31015214756967846,0.20749899207095823
litecoin,2021-05-25,4678.0,8204.0,41018.0,449.20239903219044,259.0,836.0,6.669999986886978,1.0498999953269958,2.0003999173641205,1801322.73052,-0.03571984839831799,0.15955728387675738,0.07184195882025612
litecoin,2021-05-26,4663.0,8526.0,41911.0,522.2897980622947,114.0,585.0,9.189999997615814,2.046499989926815,0.7099999971687794,1659142.6878299997,0.008883863673073922,0.1316037474361107,-0.03571984839831799
litecoin,2021-05-27,7423.0,11598.0,46430.0,590.2085976751987,303.0,2095.0,9.720000088214874,2.56810000538826,2.3530000150203705,1314215.5877400003,-0.035596114846835225,0.14207650273224037,0.008883863673073922
litecoin,2021-05-28,4448.0,9017.0,32232.0,454.77679878869094,222.0,1164.0,6.330000042915344,2.3483999744057655,0.6373000144958496,2117186.55283,-0.07033368380277794,0.1459214501510575,-0.035596114846835225
litecoin,2021-05-29,4374.0,9171.0,36741.0,410.38479902409017,10.0,25.0,1.3599999845027924,0.0,0.6538000106811523,1609502.3432399998,-0.017678571428571432,0.20843272516278755,-0.07033368380277794
litecoin,2021-05-30,4860.0,8181.0,36969.0,417.9431989453733,311.0,596.0,8.510000109672546,0.8018999695777893,5.149999976158142,1027817.8860899998,0.1103435738956553,0.10764525993883778,-0.017678571428571432
litecoin,2021-05-31,4097.0,5347.0,26269.0,430.7977983497549,118.0,224.0,5.049999952316284,1.2119000107049942,3.3127999901771545,1283007.0412899998,-0.002292075965946383,0.17924297924297905,0.1103435738956553
litecoin,2021-06-01,3798.0,7402.0,31469.0,353.1179979729932,151.0,1001.0,8.230000048875809,3.0436999797821045,3.57010000012815,956162.3118900001,0.03336615249972641,0.0673415993629849,-0.002292075965946383
litecoin,2021-06-02,3723.0,7099.0,34190.0,429.98509857524186,83.0,257.0,7.700000047683716,-0.08650001883506775,1.9598000049591064,996023.5542099999,-0.037793775142917596,0.06264578473842053,0.03336615249972641
litecoin,2021-06-03,4333.0,6331.0,37925.0,499.4729977105744,133.0,487.0,3.650000035762787,0.6947000026702881,-0.21439999341964722,1174930.5768900001,0.006656397843547213,0.10245261984392418,-0.037793775142917596
litecoin,2021-06-04,3151.0,5638.0,27550.0,400.01929825445404,140.0,619.0,5.150000035762787,2.318699985742569,0.7809999734163284,995409.8921099999,-0.030493469588502187,0.09351879254217232,0.006656397843547213
litecoin,2021-06-05,4446.0,6219.0,40596.0,395.4248978693504,89.0,134.0,0.949999988079071,0.0,0.41019999980926514,842091.3309599999,0.013302519587396588,0.10859431030361,-0.030493469588502187
litecoin,2021-06-06,2853.0,4920.0,22274.0,347.9995983153931,193.0,1022.0,7.6100000739097595,0.3367000222206116,1.719999998807907,736293.83067,-0.12182232853090058,0.055063401076949736,0.013302519587396588
litecoin,2021-06-07,2967.0,4998.0,26563.0,354.908698590938,205.0,506.0,2.590000033378601,0.8977999798953533,0.6248999834060669,1268853.90017,0.006587698739469072,0.19454104061413302,-0.12182232853090058
litecoin,2021-06-08,1560.0,2310.0,13829.0,215.1242000539787,67.0,169.0,5.330000042915344,-0.42149999737739563,0.42149999737739563,1014946.8399099999,0.0,0.12471530126302732,0.006587698739469072
